vehicle_id,type,capacity_tons,available,cost_per_km,max_range_km,suitable_for
V001,Truck,10,Yes,45,5000,road
V002,Van,5,Yes,30,2000,road
V003,Truck,15,No,55,6000,road
V004,Ship,100,Yes,20,15000,sea
V005,Truck,8,Yes,40,4500,road
V006,Van,3,Yes,25,1500,road
V007,Ship,200,No,18,20000,sea
V008,Truck,12,Yes,48,5500,road
V009,Van,6,Yes,32,2200,road
V010,Ship,150,Yes,22,18000,sea
V011,Truck,20,Yes,60,7000,road
V012,Van,4,No,28,1800,road
V013,Truck,25,Yes,65,8000,road
V014,Ship,80,Yes,15,12000,sea
V015,Aircraft,30,Yes,120,10000,air
V016,Truck,18,Yes,52,6500,road_sea
V017,Truck,60,Yes,70,9000,road
V018,Ship,120,Yes,16,16000,sea
V019,Truck,42,Yes,61,6183,road
V020,Truck,56,Yes,56,6791,road
V021,Van,4,Yes,30,2937,road
V022,Van,2,No,44,1679,road
V023,Truck,8,Yes,63,4835,road
V024,Truck,26,Yes,36,6390,road_sea
V025,Truck,69,Yes,37,6499,road_sea
V026,Truck,69,Yes,73,8317,road_sea
V027,Truck,58,No,67,7558,road_sea
V028,Truck,61,Yes,37,5486,road
V029,Aircraft,26,Yes,133,12540,air_road
V030,Truck,66,Yes,56,4133,road
